"hospitalName","state","latitude","longitude","beds","trauma","gooba","region"
"Fairview Hospital","OH",41.4822,-81.6697,466,"II",1,"Midwest"
"University of Alabama Hospital","Alabama",33.5250,-86.8130,1157,"I",1,"Southeast"
"Alaska Native Medical Center","Alaska",61.2166,-149.8996,167,"II",0,"West"
"Providence Alaska Medical Center","Alaska",61.2166,-149.8996,401,"II",0,"West"
"Abrazo Scottsdale Campus","Arizona",33.4500,-112.0667,127,"III",1,"Desert"
"Abrazo West Campus","Arizona",33.4462,-112.3583,179,"II",1,"Desert"
"Banner Baywood Medical Center","Arizona",33.4152,-111.8315,340,"III",1,"Desert"
"Banner Del E Webb Medical Center","Arizona",33.6547,-112.3544,394,"III",1,"Desert"
"Banner Desert Medical Center","Arizona",33.4152,-111.8315,615,"II",1,"Desert"
"Banner Thunderbird Medical Center","Arizona",33.5386,-112.1837,555,"II",1,"Desert"
"Banner University Medical Center Phoenix","Arizona",33.4500,-112.0667,712,"I",1,"Desert"
"Banner University Medical Center Tucson","Arizona",32.2217,-110.9264,479,"I",1,"Desert"
"Chandler Regional Medical Center","Arizona",33.3023,-111.8401,338,"I",1,"Desert"
"Flagstaff Medical Center","Arizona",35.1992,-111.6311,270,"II",0,"Desert"
"Havasu Regional Medical Center","Arizona",34.4900,-114.3089,163,"III",0,"Desert"
"HonorHealth Deer Valley Medical Center","Arizona",33.4500,-112.0667,204,"II",1,"Desert"
"HonorHealth John C. Lincoln Medical Center","Arizona",33.4500,-112.0667,262,"I",1,"Desert"
"HonorHealth Scottsdale Osborn Medical Center","Arizona",33.5000,-111.9333,341,"I",1,"Desert"
"Valleywise Health Medical Center","Arizona",33.4500,-112.0667,449,"I",1,"Desert"
"Mountain Vista Medical Center","Arizona",33.4500,-112.0667,162,"III",1,"Desert"
"Phoenix Children's Hospital","Arizona",33.4500,-112.0667,433,0,1,"Desert"
"St. Joseph's Hospital and Medical Center","Arizona",33.4500,-112.0667,607,"I",1,"Desert"
"Tuba City Regional Health Care Corporation","Arizona",36.1299,-111.2399,73,"III",1,"Desert"
"Valleywise Health","Arizona",33.4500,-112.0667,564,"I",1,"Desert"
"Arkansas Children's Hospital","Arkansas",34.7361,-92.3311,336,0,0,"South Central"
"UAMS Medical Center","Arkansas",34.7361,-92.3311,434,"I",0,"South Central"
"Adventist Rideout Health","California",39.1416,-121.5877,219,"III",1,"West"
"Antelope Valley Hospital","California",34.6833,-118.1500,420,"II",0,"West"
"Arrowhead Regional Medical Center","California",34.0701,-117.3236,456,"II",0,"West"
"Barton Memorial Hospital","California",38.9400,-119.9769,111,"III",0,"West"
"California Hospital Medical Center","California",34.0522,-118.2433,318,"II",1,"West"
"Cedars-Sinai Medical Center","California",34.0522,-118.2433,886,"I",1,"West"
"Children's Hospital Los Angeles","California",34.0522,-118.2433,391,0,1,"West"
"Children's Hospital of Orange County","California",33.8031,-117.8325,316,0,0,"West"
"Community Regional Medical Center","California",36.7317,-119.7859,685,"I",1,"West"
"Doctors Medical Center","California",37.6614,-120.9944,461,"II",0,"West"
"Enloe Medical Center","California",39.7400,-121.8356,298,"II",0,"West"
"Harbor-UCLA Medical Center","California",33.8347,-118.3414,570,"I",1,"West"
"Henry Mayo Newhall Memorial Hospital","California",34.4167,-118.5064,238,"II",0,"West"
"Highland Hospital","California",37.8048,-122.2725,236,"I",1,"West"
"Huntington Hospital","California",34.1561,-118.1319,619,"II",0,"West"
"Inland Valley Medical Center","California",33.5989,-117.2800,122,"II",0,"West"
"John Muir Medical Center","California",37.9064,-122.0650,554,"II",0,"West"
"Kaiser Foundation Hospital","California",38.3539,-121.9728,420,"II",1,"West"
"Kaiser Permanente South Sacramento","California",38.5556,-121.4689,209,"II",1,"West"
"Kaweah Delta Medical Center","California",36.3301,-119.2989,581,"III",0,"West"
"LAC+USC Medical Center","California",34.0522,-118.2433,600,"I",1,"West"
"Loma Linda University Medical Center","California",34.0483,-117.2506,507,"I",0,"West"
"Long Beach Memorial Medical Center","California",33.7683,-118.1956,420,"II",1,"West"
"Los Robles Hospital & Medical Center","California",34.1894,-118.8750,382,"II",0,"West"
"Marian Regional Medical Center","California",34.9484,-120.4359,388,"III",0,"West"
"Marin Health Medical Center","California",37.9480,-122.5252,235,"III",0,"West"
"Marshall Medical Center","California",38.7297,-120.7991,124,"III",0,"West"
"Memorial Medical Center","California",37.6614,-120.9944,423,"II",0,"West"
"Mercy Medical Center","California",41.3144,-122.3114,25,"III",0,"West"
"Mercy Medical Center","California",40.5833,-122.3667,375,"II",0,"West"
"Mercy San Juan Medical Center","California",38.6366,-121.3273,370,"II",0,"West"
"Mission Hospital Regional Medical Center","California",33.6128,-117.6561,523,"II",0,"West"
"Natividad Medical Center","California",36.6778,-121.6556,172,"II",0,"West"
"North Bay Medical Center","California",38.2578,-122.0542,182,"II",0,"West"
"Northridge Hospital Medical Center","California",34.2283,-118.5358,425,"II",1,"West"
"Orange County Global Medical Center","California",33.7408,-117.8814,228,"II",0,"West"
"Palomar Medical Center","California",33.1304,-117.0854,332,"II",0,"West"
"Providence Holy Cross Medical Center","California",39.0136,-94.6150,377,"II",1,"West"
"Queen of the Valley Medical Center","California",38.2972,-122.2894,208,"III",0,"West"
"Rady Children's Hospital","California",32.7150,-117.1625,524,0,1,"West"
"Regional Medical Center","California",37.3333,-121.9000,258,"II",1,"West"
"Riverside Community Hospital","California",33.9465,-117.3832,478,"II",1,"West"
"Riverside University Health System Medical Center","California",33.9209,-117.2612,439,"II",0,"West"
"Ronald Reagan UCLA Medical Center/Mattel Children's","California",34.0522,-118.2433,520,"I",1,"West"
"Saint Elizabeth Community Hospital","California",40.1767,-122.2381,76,"III",0,"West"
"San Joaquin General Hospital","California",37.8828,-121.2797,196,"III",0,"West"
"Santa Barbara Cottage Hospital","California",34.4209,-119.6983,519,"I",0,"West"
"Santa Clara Valley Medical Center","California",37.3333,-121.9000,731,"I",1,"West"
"Santa Rosa Memorial Hospital","California",38.4486,-122.7047,338,"II",0,"West"
"Scripps Memorial Hospital","California",32.8400,-117.2769,357,"II",1,"West"
"Scripps Mercy Hospital","California",32.7150,-117.1625,684,"I",1,"West"
"Sharp Memorial Hospital","California",32.7150,-117.1625,394,"II",1,"West"
"Sierra Vista Regional Medical Center","California",35.2742,-120.6631,164,"III",0,"West"
"St. Francis Medical Center","California",33.9247,-118.2019,369,"II",1,"West"
"St. Mary Medical Center","California",33.7683,-118.1956,415,"II",1,"West"
"Stanford Health Care/Lucile Packard Children's Hospital","California",37.4225,-122.1653,361,"I",0,"West"
"Sutter Health Eden Medical Center","California",37.6985,-122.0740,130,"II",0,"West"
"Sutter Roseville Medical Center","California",38.7525,-121.2894,328,"II",1,"West"
"UC Davis Medical Center","California",38.5556,-121.4689,625,"I",1,"West"
"UC Irvine Health","California",33.8031,-117.8325,411,"I",0,"West"
"UC San Diego Medical Center","California",32.7150,-117.1625,390,"I",1,"West"
"UCSF Benioff Children's Hospital","California",37.8048,-122.2725,183,0,1,"West"
"Valley Children's Hospital","California",36.9614,-120.0608,358,0,0,"West"
"Ventura County Medical Center","California",34.2808,-119.2931,208,"II",0,"West"
"Zuckerberg San Francisco General Hospital and Trauma Center","California",37.733795,-122.446747,397,"I",1,"West"
"Children's Hospital Colorado","Colorado",39.6958,-104.8081,434,0,1,"Desert"
"Denver Health Medical Center","Colorado",39.744137,-104.95005,453,"I",1,"Desert"
"Good Samaritan Medical Center","Colorado",39.9950,-105.1006,183,"II",1,"Desert"
"Littleton Adventist Hospital","Colorado",39.5997,-105.0108,176,"II",0,"Desert"
"Medical Center of the Rockies","Colorado",40.3944,-105.0706,166,"II",0,"Desert"
"Memorial Hospital Central","Colorado",38.8352,-104.8198,413,"I",0,"Desert"
"Parker Adventist Hospital","Colorado",39.5194,-104.7658,165,"II",0,"Desert"
"Parkview Medical Center","Colorado",38.2654,-104.6104,350,"II",0,"Desert"
"Penrose Hospital","Colorado",38.8352,-104.8198,522,"I",0,"Desert"
"Poudre Valley Hospital","Colorado",40.5592,-105.0781,270,"III",0,"Desert"
"Sky Ridge Medical Center","Colorado",39.5489,-104.8925,272,"II",0,"Desert"
"St. Anthony Hospital","Colorado",39.7064,-105.1028,237,"I",1,"Desert"
"St. Mary's Hospital","Colorado",39.0667,-108.5667,310,"II",0,"Desert"
"Swedish Medical Center","Colorado",39.6494,-104.9889,408,"I",0,"Desert"
"The Medical Center of Aurora","Colorado",39.6958,-104.8081,346,"II",1,"Desert"
"University of Colorado Hospital","Colorado",39.6958,-104.8081,678,"I",1,"Desert"
"Bridgeport Hospital","Connecticut",41.1792,-73.1895,501,"II",1,"NorthEast"
"Connecticut Children's Medical Center","Connecticut",41.7658,-72.6734,185,0,1,"NorthEast"
"Danbury Hospital","Connecticut",41.3937,-73.4515,371,"II",0,"NorthEast"
"Hartford Hospital","Connecticut",41.7658,-72.6734,867,"I",1,"NorthEast"
"Norwalk Hospital","Connecticut",41.7658,-72.6734,328,"II",1,"NorthEast"
"Saint Francis Hospital & Medical Center","Connecticut",41.7658,-72.6734,617,"I",1,"NorthEast"
"Saint Mary's Hospital","Connecticut",41.5543,-73.0431,347,"II",1,"NorthEast"
"St. Vincent's Medical Center","Connecticut",41.1792,-73.1895,473,"II",1,"NorthEast"
"Stamford Hospital","Connecticut",41.0519,-73.5395,305,"II",1,"NorthEast"
"Waterbury Hospital","Connecticut",41.5543,-73.0431,357,"II",0,"NorthEast"
"William W. Backus Hospital","Connecticut",52.6281,1.2993,0,"III",0,"NorthEast"
"Yale-New Haven Hospital","Connecticut",41.3100,-72.9236,1541,"I",0,"NorthEast"
"Bayhealth Hospital, Kent Campus","Delaware",39.1619,-75.5267,316,"III",0,"NorthEast"
"Bayhealth Hospital, Sussex Campus","Delaware",41.2243,-73.0576,128,"III",0,"NorthEast"
"Beebe Medical Center","Delaware",38.7758,-75.1422,210,"III",0,"NorthEast"
"Christiana Hospital","Delaware",40.7242,-74.1726,907,"I",1,"NorthEast"
"Nanticoke Memorial Hospital","Delaware",38.6447,-75.6161,99,"III",0,"NorthEast"
"Nemours Alfred I. duPont Hospital for Children","Delaware",39.7458,-75.5467,158,0,1,"NorthEast"
"Saint Francis Healthcare","Delaware",39.7458,-75.5467,146,"III",0,"NorthEast"
"Wilmington Hospital","Delaware",39.7458,-75.5467,0,"III",1,"NorthEast"
"Children's National Medical Center","District of Columbia",38.889248,-77.050636,303,0,1,"Midwest"
"George Washington University Hospital","District of Columbia",38.889248,-77.050636,371,"I",1,"Midwest"
"Howard University Hospital","District of Columbia",38.889248,-77.050636,300,"I",1,"Midwest"
"MedStar Washington Hospital Center","District of Columbia",38.889248,-77.050636,926,"I",1,"Midwest"
"Fort Walton Beach Medical Center","Florida",30.4203,-86.6167,0,"II",0,"Southeast"
"Holmes Regional Medical Center","Florida",28.0799,-80.6035,0,"II",0,"Southeast"
"Jackson Memorial Hospital","Florida",25.7751,-80.1947,1550,"I",1,"Southeast"
"Kendall Regional Medical Center","Florida",25.7751,-80.1947,417,"I",1,"Southeast"
"Lakeland Regional Medical Center","Florida",28.0442,-81.9490,864,"II",0,"Southeast"
"Lawnwood Regional Medical Center","Florida",27.4389,-80.3356,0,"II",0,"Southeast"
"Memorial Regional Hospital","Florida",26.0118,-80.1391,1013,"I",0,"Southeast"
"Nicklaus Children's Hospital","Florida",25.7751,-80.1947,289,0,1,"Southeast"
"Ocala Regional Medical Center","Florida",29.1878,-82.1306,0,"II",0,"Southeast"
"Orlando Regional Medical Center","Florida",28.5383,-81.3789,808,"I",1,"Southeast"
"Tampa General Hospital","Florida",27.9474,-82.4588,1010,"I",1,"Southeast"
"UF Health Jacksonville","Florida",30.3369,-81.6614,695,"I",0,"Southeast"
"UF Health Shands Hospital","Florida",29.6520,-82.3250,966,"I",0,"Southeast"
"Augusta University Medical Center","Georgia",33.4667,-81.9667,478,"I",0,"Southeast"
"Children's Healthcare of Atlanta - Egleston Hospital","Georgia",33.7485,-84.3915,235,0,1,"Southeast"
"Doctors Hospital of Augusta","Georgia",33.4667,-81.9667,0,"II",0,"Southeast"
"Grady Memorial Hospital","Georgia",33.7485,-84.3915,961,"I",1,"Southeast"
"Medical Center of Central Georgia","Georgia",32.8381,-83.6705,0,"II",0,"Southeast"
"North Fulton Hospital","Georgia",34.0339,-84.3442,0,"II",0,"Midwest"
"Northeast Georgia Medical Center","Georgia",29.6520,-82.3250,0,"II",0,"Southeast"
"Pali Momi Medical Center","Hawaii",21.3790,-157.9309,0,"III",0,"West"
"The Queen's Medical Center","Hawaii",21.3099,-157.8582,575,"I",1,"West"
"Tripler Army Medical Center","Hawaii",21.3099,-157.8582,0,"II",1,"West"
"Wilcox Memorial Hospital","Hawaii",21.9747,-159.3656,0,"III",0,"West"
"Eastern Idaho Regional Medical Center","Idaho",43.5000,-112.0333,0,"II",0,"Mountain"
"Kootenai Medical Center","Idaho",47.6928,-116.7800,0,"III",0,"Mountain"
"Portneuf Medical Center","Idaho",42.8752,-112.4473,0,"II",0,"Mountain"
"Loyola University Medical Center","Illinois",41.8863,-87.8391,547,"I",0,"Midwest"
"OSF Saint Anthony Medical Center","Illinois",38.9873,-85.8914,0,"II",0,"Midwest"
"Arnett Hospital","Indiana",40.4173,-86.8906,0,"III",0,"Midwest"
"Ball Memorial Hospital","Indiana",40.1937,-85.3865,0,"III",0,"Midwest"
"Bloomington Hospital","Indiana",39.1622,-86.5292,0,"III",1,"Midwest"
"Community Hospital of Anderson and Madison County","Indiana",40.1079,-85.6782,0,"III",1,"Midwest"
"Deaconess Hospital","Indiana",37.9757,-87.5699,0,"II",1,"Midwest"
"Elkhart General Hospital","Indiana",41.6874,-85.9735,0,"III",0,"Midwest"
"Eskenazi Hospital","Indiana",39.7910,-86.1480,315,"I",1,"Midwest"
"Franciscan Health Crown Point","Indiana",41.4217,-87.3561,0,"III",1,"Midwest"
"Franciscan Health Lafayette","Indiana",40.4173,-86.8906,0,"III",0,"Midwest"
"Good Samaritan Hospital","Indiana",38.6820,-87.5125,0,"III",1,"Midwest"
"Indiana University Health Methodist Hospital","Indiana",39.7910,-86.1480,802,"I",1,"Midwest"
"Lutheran Hospital of Indiana","Indiana",41.0775,-85.1375,0,"II",0,"Midwest"
"Memorial Hospital and Health Care Center","Indiana",38.3953,-86.9328,0,"III",1,"Midwest"
"Memorial Hospital of South Bend","Indiana",41.6725,-86.2553,0,"II",0,"Midwest"
"Methodist Hospitals Northlake Campus","Indiana",41.5956,-87.3453,0,"III",1,"Midwest"
"Parkview Regional Medical Center","Indiana",41.0775,-85.1375,0,"II",0,"Midwest"
"Reid Hospital and Health Care Services","Indiana",37.5408,-77.4339,0,"III",1,"Midwest"
"Riley Hospital for Children","Indiana",39.7910,-86.1480,379,0,1,"Midwest"
"St. Vincent Anderson Regional Hospital","Indiana",40.1079,-85.6782,0,"III",1,"Midwest"
"St. Vincent Evansville","Indiana",37.9757,-87.5699,0,"II",0,"Midwest"
"St. Vincent Indianapolis Hospital","Indiana",39.7910,-86.1480,825,"I",1,"Midwest"
"Terre Haute Regional Hospital","Indiana",39.4696,-87.3898,0,"II",0,"Midwest"
"Union Hospital","Indiana",39.4696,-87.3898,0,"III",0,"Midwest"
"Iowa Methodist Medical Center","Iowa",41.5908,-93.6208,370,"I",0,"North Central "
"MercyOne Des Moines Medical Center","Iowa",41.5908,-93.6208,0,"II",0,"North Central "
"MercyOne Siouxland Medical Center","Iowa",42.4981,-96.3956,0,"II",0,"North Central "
"University of Iowa Hospitals and Clinics","Iowa",41.6667,-91.5333,811,"I",0,"North Central "
"University of Iowa Children's Hospital","Iowa",41.6667,-91.5333,190,0,0,"North Central "
"Ascension Via Christi Hospital in Pittsburg","Kansas",37.4111,-94.7048,0,"III",1,"North Central "
"Ascension Via Christi St. Francis","Kansas",37.6889,-97.3361,650,"I",0,"North Central "
"Hays Medical Center","Kansas",38.8782,-99.3178,0,"III",0,"North Central "
"Hutchinson Regional Medical Center","Kansas",38.0608,-97.9297,0,"III",1,"North Central "
"Labette Health","Kansas",37.3405,-95.2592,0,"III",1,"North Central "
"Overland Park Regional Medical Center","Kansas",38.9822,-94.6708,0,"II",1,"North Central "
"Salina Regional Health Center","Kansas",38.8403,-97.6114,0,"III",0,"North Central "
"Stormont Vail Health","Kansas",39.0558,-95.6894,0,"II",0,"North Central "
"University of Kansas Hospital","Kansas",39.0997,-94.5783,892,"I",1,"North Central "
"Wesley Medical Center","Kansas",37.6889,-97.3361,760,"I",0,"North Central "
"Albert B. Chandler Hospital","Kentucky",38.0297,-84.4947,962,"I",0,"Southeast"
"Ephraim McDowell Regional Medical Center","Kentucky",37.6459,-84.7740,0,"III",0,"Southeast"
"Frankfort Regional Medical Center","Kentucky",38.2010,-84.8733,0,"III",1,"Southeast"
"Norton Children's Hospital","Kentucky",38.2500,-85.7667,279,0,1,"Southeast"
"Owensboro Health Regional Hospital","Kentucky",37.7727,-87.1110,0,"III",0,"Southeast"
"Pikeville Medical Center","Kentucky",37.4772,-82.5300,0,"II",0,"Southeast"
"University of Louisville Hospital","Kentucky",38.2500,-85.7667,348,"I",1,"Southeast"
"Lafayette General Medical Center","Louisiana",40.4173,-86.8906,0,"II",0,"South Central"
"Lakeview Regional Medical Center","Louisiana",39.0650,-84.5097,0,"III",0,"South Central"
"North Oaks Medical Center","Louisiana",30.5044,-90.4656,0,"II",0,"South Central"
"Ochsner LSU Health Shreveport","Louisiana",32.5147,-93.7472,452,"I",0,"South Central"
"Our Lady of the Lake Regional Medical Center","Louisiana",30.4495,-91.0934,0,"II",0,"South Central"
"Rapides Regional Medical Center","Louisiana",31.2928,-92.4592,0,"II",0,"South Central"
"St. Tammany Parish Hospital","Louisiana",39.0650,-84.5097,0,"III",0,"South Central"
"University Medical Center New Orleans","Louisiana",29.9518,-90.0746,446,"I",1,"South Central"
"Central Maine Medical Center","Maine",44.0975,-70.1925,250,"II",0,"NorthEast"
"Eastern Maine Medical Center","Maine",44.8036,-68.7703,411,"II",0,"NorthEast"
"Maine Medical Center","Maine",45.5200,-122.6819,637,"I",0,"NorthEast"
"Walter Reed National Military Medical Center","Maryland",38.9847,-77.1131,244,"II",0,"Midwest"
"Anna Jaques Hospital","Massachusetts",42.8097,-70.8767,0,"III",0,"NorthEast"
"Baystate Medical Center","Massachusetts",42.1124,-72.5475,716,"I",0,"NorthEast"
"Berkshire Medical Center","Massachusetts",42.4450,-73.2528,0,"III",0,"NorthEast"
"Beth Israel Deaconess Medical Center","Massachusetts",42.3581,-71.0636,673,"I",1,"NorthEast"
"Beverly Hospital","Massachusetts",42.5580,-70.8800,0,"III",0,"NorthEast"
"Boston Children's Hospital","Massachusetts",42.3581,-71.0636,404,0,1,"NorthEast"
"Boston Medical Center","Massachusetts",42.3581,-71.0636,514,"I",1,"NorthEast"
"Brigham and Women's Hospital","Massachusetts",42.3581,-71.0636,793,"I",1,"NorthEast"
"Good Samaritan Medical Center","Massachusetts",42.0833,-71.0189,0,"III",0,"NorthEast"
"Lahey Hospital & Medical Center","Massachusetts",42.5047,-71.1961,335,"I",0,"NorthEast"
"Lawrence General Hospital","Massachusetts",42.7069,-71.1636,189,"III",0,"NorthEast"
"Lowell General Hospital","Massachusetts",42.6394,-71.3147,0,"III",0,"NorthEast"
"Massachusetts General Hospital","Massachusetts",42.3581,-71.0636,999,"I",1,"NorthEast"
"North Shore Medical Center","Massachusetts",42.5214,-70.8986,0,"III",1,"NorthEast"
"South Shore Hospital","Massachusetts",42.2208,-70.9403,0,"II",0,"NorthEast"
"Tufts Medical Center","Massachusetts",42.3581,-71.0636,415,"I",1,"NorthEast"
"UMass Memorial Medical Center","Massachusetts",42.2667,-71.8000,781,"I",1,"NorthEast"
"Ascension Borgess Hospital","Michigan",42.2900,-85.5858,0,"II",0,"Midwest"
"Ascension Genesys Hospital","Michigan",42.9275,-83.6300,0,"II",0,"Midwest"
"Ascension Macomb-Oakland Hospital, Warren Campus","Michigan",42.5214,-83.0202,0,"III",0,"Midwest"
"Ascension Providence Hospital, Novi Campus","Michigan",42.4806,-83.4756,0,"II",0,"Midwest"
"Ascension Providence Hospital, Southfield Campus","Michigan",42.4733,-83.2219,0,"II",0,"Midwest"
"Ascension Providence Rochester Hospital","Michigan",42.6821,-83.1338,0,"III",0,"Midwest"
"Ascension St. John Hospital","Michigan",42.3329,-83.0478,612,"I",1,"Midwest"
"Ascension St. Mary's Hospital","Michigan",43.4194,-83.9494,0,"II",0,"Midwest"
"Beaumont Hospital, Dearborn","Michigan",42.3221,-83.1759,0,"II",1,"Midwest"
"Beaumont Hospital, Farmington Hills","Michigan",42.4853,-83.3769,0,"II",0,"Midwest"
"Beaumont Hospital, Grosse Pointe","Michigan",42.3833,-82.9167,0,"III",1,"Midwest"
"Beaumont Hospital, Royal Oak","Michigan",42.4889,-83.1428,1109,"I",0,"Midwest"
"Beaumont Hospital, Trenton","Michigan",42.1394,-83.1783,0,"II",0,"Midwest"
"Beaumont Hospital, Wayne","Michigan",42.2814,-83.3864,0,"III",0,"Midwest"
"Bronson Methodist Hospital","Michigan",42.2900,-85.5858,405,"I",0,"Midwest"
"Butterworth Hospital","Michigan",42.9655,-85.6702,1387,"I",1,"Midwest"
"Children's Hospital of Michigan","Michigan",42.3329,-83.0478,727,0,1,"Midwest"
"Covenant Medical Center","Michigan",43.4194,-83.9494,0,"II",0,"Midwest"
"C.S. Mott Children's Hospital","Michigan",42.2814,-83.7483,348,0,0,"Midwest"
"Detroit Receiving Hospital","Michigan",42.3329,-83.0478,273,"I",1,"Midwest"
"Henry Ford Allegiance Health","Michigan",42.2458,-84.4014,475,"II",0,"Midwest"
"Henry Ford Hospital","Michigan",42.3329,-83.0478,877,"I",1,"Midwest"
"Henry Ford Macomb Hospital","Michigan",42.5850,-82.9170,361,"II",1,"Midwest"
"Henry Ford West Bloomfield Hospital","Michigan",42.5711,-83.3747,191,"III",0,"Midwest"
"Henry Ford Wyandotte Hospital","Michigan",42.2010,-83.1503,401,"III",0,"Midwest"
"Hurley Medical Center","Michigan",43.0099,-83.6851,443,"I",0,"Midwest"
"Lakeland Medical Center","Michigan",42.0981,-86.4842,0,"III",0,"Midwest"
"McLaren Flint","Michigan",43.0099,-83.6851,0,"III",0,"Midwest"
"McLaren Lapeer Region","Michigan",43.0514,-83.3189,0,"II",0,"Midwest"
"McLaren Macomb","Michigan",42.5972,-82.8781,0,"II",0,"Midwest"
"McLaren Oakland","Michigan",42.6388,-83.2927,0,"II",0,"Midwest"
"McLaren Port Huron","Michigan",42.9803,-82.4375,0,"III",0,"Midwest"
"Mercy Health Hackley Campus","Michigan",43.2342,-86.2483,0,"II",0,"Midwest"
"Mercy Health Saint Mary's","Michigan",42.9655,-85.6702,0,"II",1,"Midwest"
"Metro Health Hospital","Michigan",42.9134,-85.6954,208,"II",0,"Midwest"
"MidMichigan Medical Center-Midland","Michigan",43.6156,-84.2472,324,"II",0,"Midwest"
"Munson Medical Center","Michigan",44.7591,-85.6055,442,"II",0,"Midwest"
"Sinai-Grace Hospital","Michigan",42.3329,-83.0478,0,"II",1,"Midwest"
"Sparrow Hospital","Michigan",42.7336,-84.5539,733,"I",0,"Midwest"
"St. Joseph Mercy Ann Arbor","Michigan",42.2814,-83.7483,537,"I",0,"Midwest"
"St. Joseph Mercy Oakland","Michigan",42.6388,-83.2927,443,"II",0,"Midwest"
"St. Mary Mercy Livonia","Michigan",42.3972,-83.3736,304,"II",0,"Midwest"
"University of Michigan Hospital","Michigan",42.2814,-83.7483,550,"I",0,"Midwest"
"UP Health System - Marquette","Michigan",46.5464,-87.4067,307,"II",0,"Midwest"
"UP Health System - Portage","Michigan",47.1269,-88.5808,0,"III",0,"Midwest"
"Children’s Minnesota","Minnesota",44.9833,-93.2667,381,0,1,"North Central "
"Hennepin County Medical Center","Minnesota",44.9833,-93.2667,484,"I",1,"North Central "
"Mayo Clinic Health System - Mankato","Minnesota",44.1667,-94.0000,0,"III",0,"North Central "
"Mayo Clinic Hospital, Saint Marys Campus","Minnesota",43.1656,-77.6114,1265,"I",1,"North Central "
"Mercy Hospital","Minnesota",45.1200,-93.2875,0,"II",0,"North Central "
"North Memorial Health Hospital","Minnesota",45.0322,-93.3386,353,"I",0,"North Central "
"Regions Hospital","Minnesota",44.9437,-93.0943,509,"I",1,"North Central "
"St. Cloud Hospital","Minnesota",45.5500,-94.1667,0,"II",0,"North Central "
"St. Lukes Hospital","Minnesota",46.8000,-92.1000,0,"II",0,"North Central "
"St. Mary's Medical Center","Minnesota",46.8000,-92.1000,308,"I",0,"North Central "
"University of Minnesota Medical Center","Minnesota",44.9833,-93.2667,0,"II",1,"North Central "
"Barnes-Jewish Hospital","Missouri",38.627003,-90.199403,1266,"I",1,"North Central "
"Saint Louis University Hospital","Missouri",39.627003,-90.199403,356,"I",1,"North Central "
"St. Louis Children's Hospital","Missouri",40.627003,-90.199403,402,0,1,"North Central "
"University Hospital","Missouri",38.9516,-92.3286,247,"I",1,"North Central "
"Benefis Health System","Montana",47.5036,-111.2864,0,"II",0,"Mountain"
"Billings Clinic","Montana",45.7867,-108.5372,0,"II",0,"Mountain"
"Bozeman Health Deaconess Hospital","Montana",45.6793,-111.0466,0,"III",0,"Mountain"
"Kalispell Regional Medical Center","Montana",48.1978,-114.3161,0,"III",0,"Mountain"
"St. James Healthcare","Montana",46.0128,-112.5356,0,"III",0,"Mountain"
"St. Patrick Hospital","Montana",46.8625,-114.0117,0,"II",0,"Mountain"
"St. Vincent Healthcare","Montana",45.7867,-108.5372,0,"II",0,"Mountain"
"Bryan Medical Center","Nebraska",40.8136,-96.7026,0,"II",0,"North Central "
"Creighton University Medical Center","Nebraska",41.2500,-96.0000,391,"I",1,"North Central "
"CHI Health St. Francis","Nebraska",40.9222,-98.3581,0,"III",0,"North Central "
"Children's Hospital & Medical Center","Nebraska",41.2500,-96.0000,0,0,1,"North Central "
"Nebraska Medical Center","Nebraska",41.2500,-96.0000,718,"I",1,"North Central "
"Renown Regional Medical Center","Nevada",39.5272,-119.8219,0,"II",0,"Mountain"
"St. Rose Dominican Hospital - Siena Campus","Nevada",36.0292,-115.0253,0,"III",1,"Mountain"
"Sunrise Hospital and Medical Center","Nevada",36.1691,-115.1406,0,"II",0,"Mountain"
"University Medical Center of Southern Nevada","Nevada",36.1691,-115.1406,564,"I",1,"Mountain"
"Catholic Medical Center","New Hampshire",42.9909,-71.4631,330,"III",0,"NorthEast"
"Concord Hospital","New Hampshire",43.2067,-71.5381,295,"II",1,"NorthEast"
"Dartmouth-Hitchcock Medical Center","New Hampshire",43.6422,-72.2517,396,"I",0,"NorthEast"
"Elliot Hospital","New Hampshire",42.9909,-71.4631,296,"II",0,"NorthEast"
"Portsmouth Regional Hospital","New Hampshire",43.0756,-70.7606,220[2],"II",0,"NorthEast"
"AtlantiCare Regional Medical Center","New Jersey",39.3606,-74.4319,323,"II",0,"NorthEast"
"Capital Health Regional Medical Center","New Jersey",40.2237,-74.7640,265,"II",0,"NorthEast"
"Cooper University Hospital","New Jersey",39.9452,-75.1188,635,"I",1,"NorthEast"
"Hackensack University Medical Center","New Jersey",40.8894,-74.0457,781,"II",0,"NorthEast"
"Jersey City Medical Center","New Jersey",40.7140,-74.0710,332,"II",1,"NorthEast"
"Jersey Shore University Medical Center","New Jersey",40.2002,-74.0336,691,"II",0,"NorthEast"
"Morristown Medical Center","New Jersey",40.7966,-74.4773,518,"I",0,"NorthEast"
"Robert Wood Johnson University Hospital","New Jersey",40.4867,-74.4444,965,"I",1,"NorthEast"
"St. Joseph's Regional Medical Center","New Jersey",40.9147,-74.1628,650,"II",1,"NorthEast"
"University Hospital","New Jersey",40.7242,-74.1726,518,"I",1,"NorthEast"
"University of New Mexico Hospital","New Mexico",35.1107,-106.6100,556,"I",1,"Desert"
"Albany Medical Center","New York",42.6525,-73.7572,734,"I",0,"NorthEast"
"Bellevue Hospital Center","New York",40.7130,-74.0072,844,"I",1,"NorthEast"
"Brookdale University Hospital and Medical Center","New York",40.7130,-74.0072,530,"II",1,"NorthEast"
"Canton-Potsdam Hospital","New York",52.4000,13.0667,94,"III",1,"NorthEast"
"Champlain Valley Physicians Hospital","New York",44.6953,-73.4583,300,"III",1,"NorthEast"
"Cohen Children's Medical Center","New York",40.7353,-73.6884,202,0,1,"NorthEast"
"Erie County Medical Center","New York",42.8877,-78.8794,550,"I",1,"NorthEast"
"Good Samaritan Hospital Medical Center","New York",40.7150,-73.2978,537,"II",0,"NorthEast"
"Harlem Hospital Center","New York",40.7130,-74.0072,272,"II",1,"NorthEast"
"Huntington Hospital","New York",40.8778,-73.4136,280,"III",0,"NorthEast"
"Jacobi Medical Center","New York",40.7130,-74.0072,457,"I",1,"NorthEast"
"Jamaica Hospital Medical Center","New York",40.7130,-74.0072,402,"I",1,"NorthEast"
"John R. Oishei Children's Hospital","New York",42.8877,-78.8794,185,0,1,"NorthEast"
"Kings County Hospital","New York",40.7130,-74.0072,627,"I",1,"NorthEast"
"Lincoln Medical Center","New York",40.7130,-74.0072,362,"I",1,"NorthEast"
"Long Island Community Hospital","New York",40.7633,-73.0178,306,"III",0,"NorthEast"
"MidHudson Regional Hospital","New York",41.6711,-73.9069,243,"II",0,"NorthEast"
"Montefiore Nyack Hospital","New York",41.0925,-73.9225,391,"III",1,"NorthEast"
"Morgan Stanley Children's Hospital","New York",40.7130,-74.0072,299,0,1,"NorthEast"
"Mount Sinai St. Luke's","New York",40.7130,-74.0072,495,"II",1,"NorthEast"
"Nassau University Medical Center","New York",40.7385,-73.5690,631,"I",1,"NorthEast"
"New York–Presbyterian Queens","New York",40.7615,-73.8311,535,"I",1,"NorthEast"
"North Shore University Hospital","New York",40.7928,-73.6933,738,"I",1,"NorthEast"
"NYC Health + Hospitals/Elmhurst","New York",40.7130,-74.0072,545,"I",1,"NorthEast"
"NYU Langone Hospital – Brooklyn","New York",40.7130,-74.0072,450,"I",1,"NorthEast"
"NYU Langone Hospital — Long Island","New York",40.7472,-73.6381,591,"I",1,"NorthEast"
"Orange Regional Medical Center","New York",41.4451,-74.4200,276,"II",0,"NorthEast"
"Richmond University Medical Center","New York",40.7130,-74.0072,448,"I",1,"NorthEast"
"St. Barnabas Hospital","New York",40.7130,-74.0072,432,"II",1,"NorthEast"
"St. Elizabeth Medical Center","New York",43.1020,-75.2300,201,"III",0,"NorthEast"
"St. Luke's Cornwall Hospital","New York",41.5197,-74.0214,193,"III",0,"NorthEast"
"South Nassau Communities Hospital","New York",40.6364,-73.6375,455,"II",1,"NorthEast"
"Southside Hospital","New York",40.7297,-73.2536,305,"II",1,"NorthEast"
"Staten Island University Hospital","New York",40.7130,-74.0072,668,"I",1,"NorthEast"
"Stony Brook University Hospital","New York",40.9064,-73.1283,603,"I",1,"NorthEast"
"Stony Brook Southampton Hospital","New York",40.8853,-72.3953,150,"III",1,"NorthEast"
"Strong Memorial Hospital","New York",42.6821,-83.1338,886,"I",0,"NorthEast"
"UHS Wilson Medical Center","New York",36.3210,-82.3418,0,"II",0,"NorthEast"
"Upstate University Hospital","New York",43.0469,-76.1444,438,"I",0,"NorthEast"
"Vassar Brothers Medical Center","New York",41.6711,-73.9069,350,"II",0,"NorthEast"
"Weill Cornell Medical Center","New York",40.7130,-74.0072,892,"I",1,"NorthEast"
"Westchester Medical Center","New York",41.0750,-73.7753,652,"I",1,"NorthEast"
"Carolinas Medical Center","North Carolina",35.2238,-80.8411,874,"I",1,"Southeast"
"Duke University Hospital","North Carolina",35.9886,-78.9072,957,"I",0,"Southeast"
"Moses Cone Hospital","North Carolina",36.0800,-79.8194,517,"II",0,"Southeast"
"Naval Medical Center Camp Lejeune","North Carolina",34.583583,-77.360389,0,"III",0,"Southeast"
"UNC Hospitals","North Carolina",35.9333,-79.0333,803,"I",0,"Southeast"
"Vidant Medical Center","North Carolina",34.8444,-82.3856,974,"I",0,"Southeast"
"Wake Forest Baptist Medical Center","North Carolina",36.1028,-80.2605,885,"I",0,"Southeast"
"WakeMed Raleigh Campus","North Carolina",35.7806,-78.6389,694,"I",1,"Southeast"
"Womack Army Medical Center","North Carolina",35.1392,-78.9992,0,"III",0,"Southeast"
"Altru Hospital","North Dakota",47.9257,-97.0361,0,"II",0,"North Central "
"CHI St. Alexius Health Bismarck","North Dakota",46.8133,-100.7790,0,"II",0,"North Central "
"Essentia Health-Fargo","North Dakota",46.8770,-96.7846,133,"II",0,"North Central "
"Sanford Medical Center - Bismarck","North Dakota",46.8133,-100.7790,0,"II",0,"North Central "
"Sanford Medical Center Fargo","North Dakota",46.8770,-96.7846,284,"I",0,"North Central "
"Trinity Hospital","North Dakota",48.2355,-101.2961,251,"II",0,"North Central "
"Akron Children's Hospital","Ohio",41.0731,-81.5178,289,0,0,"Midwest"
"Atrium Medical Center","Ohio",41.4451,-74.4200,0,"III",0,"Midwest"
"Aultman Hospital","Ohio",40.7974,-81.3770,0,"II",0,"Midwest"
"Bethesda North Hospital","Ohio",39.2472,-84.3475,0,"III",0,"Midwest"
"Blanchard Valley Hospital","Ohio",41.0391,-83.6502,0,"III",0,"Midwest"
"Cincinnati Children's Hospital","Ohio",39.1037,-84.5136,634,"I",1,"Midwest"
"Cleveland Clinic Akron General","Ohio",41.0731,-81.5178,436,"I",0,"Midwest"
"Cleveland Clinic","Ohio",41.4822,-81.6697,1400,"II",0,"Midwest"
"Dayton Children's Hospital","Ohio",39.7610,-84.1922,0,0,0,"Midwest"
"Fairview Hospital","Ohio",41.4822,-81.6697,0,"II",0,"Midwest"
"Firelands Regional Medical Center","Ohio",41.4549,-82.7110,0,"III",0,"Midwest"
"Fisher-Titus Medical Center","Ohio",41.0939,-73.4197,0,"III",1,"Midwest"
"Geauga Medical Center","Ohio",41.5792,-81.2044,0,"III",0,"Midwest"
"Genesis HealthCare System","Ohio",39.9461,-82.0122,0,"III",0,"Midwest"
"Grandview Medical Center","Ohio",39.7610,-84.1922,0,"III",0,"Midwest"
"Grant Medical Center","Ohio",39.9833,-82.9833,434,"I",1,"Midwest"
"Greene Memorial Hospital","Ohio",39.6836,-83.9381,0,"III",0,"Midwest"
"Hillcrest Hospital","Ohio",41.5175,-81.4558,0,"II",0,"Midwest"
"Kettering Medical Center","Ohio",39.6972,-84.1522,0,"II",0,"Midwest"
"Lima Memorial Health System","Ohio",40.7408,-84.1150,0,"II",0,"Midwest"
"Marietta Memorial Hospital","Ohio",39.4167,-81.4500,0,"III",0,"Midwest"
"Mercy Health - St. Vincent Medical Center","Ohio",41.6656,-83.5753,313,"I",0,"Midwest"
"Mercy Medical Center","Ohio",40.7974,-81.3770,0,"II",0,"Midwest"
"Mercy St. Charles Hospital","Ohio",41.6492,-83.4614,0,"III",0,"Midwest"
"MetroHealth Medical Center","Ohio",41.4822,-81.6697,731,"I",0,"Midwest"
"Miami Valley Hospital","Ohio",39.7610,-84.1922,848,"I",0,"Midwest"
"Mount Carmel East","Ohio",39.9833,-82.9833,0,"II",1,"Midwest"
"Nationwide Children's Hospital","Ohio",39.9833,-82.9833,673,0,1,"Midwest"
"Ohio State University Wexner Medical Center","Ohio",39.9833,-82.9833,2260,"I",1,"Midwest"
"Mansfield Hospital","Ohio",40.7500,-82.5167,0,"II",0,"Midwest"
"ProMedica Defiance Regional Hospital","Ohio",41.2819,-84.3628,0,"III",0,"Midwest"
"ProMedica Toledo Hospital","Ohio",41.6656,-83.5753,794,"I",0,"Midwest"
"Rainbow Babies & Children's Hospital","Ohio",41.4822,-81.6697,244,0,0,"Midwest"
"Riverside Methodist Hospital","Ohio",39.9833,-82.9833,0,"II",0,"Midwest"
"Soin Medical Center","Ohio",39.7294,-84.0622,0,"III",0,"Midwest"
"Southwest General Health Center","Ohio",41.3667,-81.8089,0,"III",0,"Midwest"
"St. Elizabeth Youngstown Hospital","Ohio",41.1000,-80.6500,364,"I",0,"Midwest"
"University Hospitals Cleveland Medical Center","Ohio",41.4822,-81.6697,1032,"I",1,"Midwest"
"St. John Medical Center","Ohio",41.4544,-81.9286,0,"III",0,"Midwest"
"St. Joseph Warren Hospital","Ohio",42.5214,-83.0202,0,"III",0,"Midwest"
"St. Rita's Medical Center","Ohio",40.7408,-84.1150,0,"II",0,"Midwest"
"Summa Akron City Hospital","Ohio",41.0731,-81.5178,680,"I",0,"Midwest"
"Trumbull Regional Medical Center","Ohio",42.5214,-83.0202,346,"III",0,"Midwest"
"University of Toledo Medical Center","Ohio",41.6656,-83.5753,0,"III",0,"Midwest"
"Portage Medical Center","Ohio",41.1586,-81.2433,0,"III",0,"Midwest"
"University of Cincinnati Medical Center","Ohio",39.1037,-84.5136,555,"I",1,"Midwest"
"West Chester Hospital","Ohio",39.3451,-84.3957,0,"III",0,"Midwest"
"OU Medical Center","Oklahoma",35.4822,-97.5350,680,"I",1,"South Central"
"St. John Medical Center","Oklahoma",36.1314,-95.9372,0,"II",1,"South Central"
"Legacy Emanuel Medical Center","Oregon",45.5200,-122.6819,554,"I",1,"West"
"Oregon Health & Science University Hospital","Oregon",45.5200,-122.6819,522,"I",1,"West"
"Sacred Heart Medical Center at RiverBend","Oregon",42.1124,-72.5475,0,"II",0,"West"
"Abington Hospital–Jefferson Health","Pennsylvania",40.1000,-75.0997,665,"II",0,"NorthEast"
"Allegheny General Hospital","Pennsylvania",40.4422,-79.9950,576,"I",1,"NorthEast"
"Children's Hospital of Philadelphia","Pennsylvania",39.9500,-75.1667,596,0,1,"NorthEast"
"Conemaugh Memorial Medical Center","Pennsylvania",40.4136,-76.4791,537,"I",0,"NorthEast"
"Crozer-Chester Medical Center","Pennsylvania",39.8567,-75.3794,424,"II",0,"NorthEast"
"Hospital at UPenn","Pennsylvania",39.9500,-75.1667,776,"I",1,"NorthEast"
"Forbes Regional Hospital","Pennsylvania",40.4366,-79.7800,291,0,1,"NorthEast"
"Geisinger Medical Center","Pennsylvania",37.6459,-84.7740,594,"I",0,"NorthEast"
"Geisinger Community Medical Center","Pennsylvania",41.4106,-75.6675,297,"II",0,"NorthEast"
"Geisinger Wyoming Valley Medical Center","Pennsylvania",41.2444,-75.8781,320,"II",0,"NorthEast"
"Guthrie Robert Packer Hospital","Pennsylvania",41.9789,-76.5156,254,"II",0,"NorthEast"
"Jefferson Torresdale Hospital","Pennsylvania",39.9500,-75.1667,258,"II",1,"NorthEast"
"Lancaster General Hospital","Pennsylvania",40.0394,-76.3071,631,"I",0,"NorthEast"
"Lehigh Valley Hospital","Pennsylvania",40.6028,-75.4698,981,"I",0,"NorthEast"
"Penn Presbyterian Medical Center","Pennsylvania",39.9500,-75.1667,300,"I",1,"NorthEast"
"Penn State Milton S. Hershey Medical Center","Pennsylvania",40.2848,-76.6493,548,"I",0,"NorthEast"
"Reading Hospital","Pennsylvania",40.3417,-75.9264,738,"I",0,"NorthEast"
"St. Christopher's Hospital for Children","Pennsylvania",39.9500,-75.1667,188,0,1,"NorthEast"
"St. Luke’s University Health Network - Bethlehem Campus","Pennsylvania",40.6261,-75.3756,480,"I",1,"NorthEast"
"Temple University Hospital","Pennsylvania",39.9500,-75.1667,722,"I",1,"NorthEast"
"Thomas Jefferson University Hospital","Pennsylvania",39.9500,-75.1667,957,"I",1,"NorthEast"
"UPMC Children's Hospital of Pittsburgh","Pennsylvania",40.4422,-79.9950,315,0,1,"NorthEast"
"UPMC Mercy","Pennsylvania",40.4422,-79.9950,404,"I",1,"NorthEast"
"UPMC Presbyterian","Pennsylvania",40.4422,-79.9950,900,"I",1,"NorthEast"
"WellSpan York Hospital","Pennsylvania",39.9628,-76.7281,596,"I",0,"NorthEast"
"Einstein Medical Center","Pennsylvania",39.9500,-75.1667,548,"I",0,"NorthEast"
"Rhode Island Hospital","Rhode Island",41.8245,-71.4127,719,"I",1,"NorthEast"
"Grand Strand Medical Center","South Carolina",33.7167,-78.8833,371,"I",0,"Southeast"
"Greenville Memorial Hospital","South Carolina",34.8444,-82.3856,814,"I",1,"Southeast"
"MUSC Children's Hospital","South Carolina",32.7831,-79.9344,279,0,0,"Southeast"
"MUSC Health University Medical Center","South Carolina",32.7831,-79.9344,865,"I",0,"Southeast"
"Prisma Health Richland","South Carolina",38.9516,-92.3286,649,"I",0,"Southeast"
"Self Regional Healthcare","South Carolina",34.1876,-82.1595,0,"III",0,"Southeast"
"Spartanburg Medical Center","South Carolina",34.9467,-81.9275,747,"I",0,"Southeast"
"Trident Medical Center","South Carolina",32.7831,-79.9344,0,"II",0,"Southeast"
"Avera McKennan Hospital & University Health Center","South Dakota",43.5473,-96.7313,0,"II",0,"North Central "
"Avera Sacred Heart Hospital","South Dakota",42.8817,-97.3925,0,"III",0,"North Central "
"Avera St. Luke's Hospital","South Dakota",45.4647,-98.4864,0,"III",0,"North Central "
"Regional Health Rapid City Hospital","South Dakota",44.0831,-103.2244,0,"II",0,"North Central "
"Sanford USD Medical Center","South Dakota",43.5473,-96.7313,0,"II",0,"North Central "
"Erlanger Baroness Hospital","Tennessee",35.0456,-85.2672,813,"I",0,"South Central"
"Le Bonheur Children's Hospital","Tennessee",35.1174,-89.9711,255,0,1,"South Central"
"TriStar Skyline Medical Center","Tennessee",36.1667,-86.7833,233,"II",1,"South Central"
"University of Tennessee Medical Center","Tennessee",35.9626,-83.9167,581,"I",0,"South Central"
"Vanderbilt University Medical Center","Tennessee",36.1667,-86.7833,1019,"I",1,"South Central"
"Ascension Seton Williamson","Texas",30.5088,-97.6800,0,"II",1,"South Central"
"Baylor Scott & White Medical Center - Grapevine","Texas",32.9350,-97.0858,0,"II",0,"South Central"
"Baylor Scott & White Medical Center - Hillcrest","Texas",31.5568,-97.1300,0,"II",0,"South Central"
"Baylor Scott & White Medical Center - Temple","Texas",31.0936,-97.3622,636,"I",0,"South Central"
"Baylor University Medical Center","Texas",32.7758,-96.7967,1025,"I",1,"South Central"
"Ben Taub Hospital","Texas",29.7628,-95.3831,586,"I",1,"South Central"
"Brooke Army Medical Center","Texas",29.45696,-98.445842,450,"I",1,"South Central"
"CHI St. Joseph Health Regional Hospital","Texas",30.6705,-96.3705,0,"II",0,"South Central"
"Children's Medical Center Dallas","Texas",32.7758,-96.7967,496,0,1,"South Central"
"CHRISTUS Mother Frances Hospital - Tyler","Texas",32.3500,-95.3000,0,"II",0,"South Central"
"CHRISTUS Spohn Hospital Corpus Christi - Shoreline","Texas",27.7428,-97.4019,0,"II",0,"South Central"
"Cook Children's Medical Center","Texas",32.7499,-97.3303,0,0,1,"South Central"
"Covenant Children's Hospital","Texas",33.5667,-101.8833,0,0,0,"South Central"
"Covenant Medical Center","Texas",33.5667,-101.8833,0,"II",0,"South Central"
"Del Sol Medical Center","Texas",31.7903,-106.4233,0,"II",0,"South Central"
"Dell Children's Medical Center of Central Texas","Texas",30.2650,-97.7466,248,0,1,"South Central"
"Dell Seton Medical Center at The University of Texas","Texas",30.2650,-97.7466,211,"I",1,"South Central"
"Denton Regional Medical Center","Texas",33.2164,-97.1292,208,"II",0,"South Central"
"HCA Houston Healthcare Clear Lake","Texas",29.5386,-95.1194,0,"II",0,"South Central"
"HCA Houston Healthcare Conroe","Texas",30.3161,-95.4589,342,"II",0,"South Central"
"John Peter Smith Hospital","Texas",32.7499,-97.3303,573,"I",1,"South Central"
"McAllen Medical Center","Texas",26.1967,-98.2357,0,"II",0,"South Central"
"Medical Center Hospital","Texas",46.4766,30.7073,0,"II",0,"South Central"
"Medical City Arlington","Texas",32.7356,-97.1071,432,"II",1,"South Central"
"Medical City Dallas Hospital","Texas",32.7758,-96.7967,876,0,1,"South Central"
"Medical City Plano","Texas",33.0197,-96.6992,603,"I",0,"South Central"
"Memorial Hermann–Texas Medical Center","Texas",29.7628,-95.3831,1900,"I",1,"South Central"
"Memorial Hermann The Woodlands Medical Center","Texas",30.1775,-95.5039,351,"II",1,"South Central"
"Methodist Dallas Medical Center","Texas",32.7758,-96.7967,556,"I",1,"South Central"
"Parkland Memorial Hospital","Texas",32.7758,-96.7967,882,"I",1,"South Central"
"St. David's Round Rock Medical Center","Texas",30.5088,-97.6800,0,"II",1,"South Central"
"St. David's South Austin Medical Center","Texas",30.2650,-97.7466,0,"II",1,"South Central"
"Texas Children's Hospital","Texas",29.7628,-95.3831,724,0,1,"South Central"
"Texas Health Harris Methodist Hospital Fort Worth","Texas",32.7499,-97.3303,0,"II",1,"South Central"
"Texas Health Presbyterian Hospital Dallas","Texas",32.7758,-96.7967,875,"II",1,"South Central"
"Texas Health Presbyterian Hospital Plano","Texas",33.0197,-96.6992,386,"I",0,"South Central"
"United Regional Health Care","Texas",33.9098,-98.5009,0,"II",0,"South Central"
"University Hospital","Texas",29.4167,-98.5000,633,"I",1,"South Central"
"University Medical Center","Texas",33.5667,-101.8833,500,"I",0,"South Central"
"University Medical Center of El Paso","Texas",31.7903,-106.4233,394,"I",0,"South Central"
"University of Texas Medical Branch","Texas",29.2811,-94.8258,550,"I",0,"South Central"
"UT Health Tyler","Texas",32.3500,-95.3000,425,"I",0,"South Central"
"Valley Baptist Medical Center","Texas",26.1906,-97.6961,0,"II",0,"South Central"
"Intermountain Medical Center","Utah",40.6525,-111.8933,289,"I",0,"Mountain"
"McKay-Dee Hospital","Utah",41.2228,-111.9704,0,"II",0,"Mountain"
"Ogden Regional Medical Center","Utah",41.2228,-111.9704,0,"II",1,"Mountain"
"Primary Children's Hospital","Utah",40.7500,-111.8833,289,0,1,"Mountain"
"St. Mark's Hospital","Utah",40.7500,-111.8833,0,"II",0,"Mountain"
"St. George Regional Hospital","Utah",37.0953,-113.5781,0,"II",0,"Mountain"
"University of Utah Hospital","Utah",40.7500,-111.8833,425,"I",1,"Mountain"
"Utah Valley Hospital","Utah",40.2351,-111.6622,395,"II",0,"Mountain"
"The University of Vermont Medical Center","Vermont",42.5047,-71.1961,562,"I",0,"NorthEast"
"Carilion Roanoke Memorial Hospital","Virginia",37.270969,-79.941429,703,"I",0,"Southeast"
"Chippenham Hospital","Virginia",37.5408,-77.4339,0,"II",1,"Southeast"
"Henrico Doctors' Hospital","Virginia",37.5408,-77.4339,0,"II",1,"Southeast"
"Inova Fairfax Hospital","Virginia",38.882238,-77.171076,923,"I",0,"Southeast"
"University Hospital","Virginia",38.0293059,-78.4766781,645,"I",0,"Southeast"
"Virginia Commonwealth University Medical Center","Virginia",37.5408,-77.4339,865,"I",1,"Southeast"
"Harborview Medical Center","Washington",47.6032,-122.3303,413,"I",1,"West"
"Berkeley Medical Center","West Virginia",39.4592,-77.9678,0,"III",0,"Midwest"
"Cabell Huntington Hospital","West Virginia",40.8778,-73.4136,0,"II",0,"Midwest"
"Camden Clark Medical Center","West Virginia",39.2661,-81.5422,0,"III",0,"Midwest"
"Charleston Area Medical Center","West Virginia",32.7831,-79.9344,795,"I",0,"Midwest"
"J.W. Ruby Memorial Hospital","West Virginia",39.6298,-79.9559,652,"I",0,"Midwest"
"Raleigh General Hospital","West Virginia",37.7797,-81.1831,0,"III",0,"Midwest"
"St. Mary's Medical Center","West Virginia",40.8778,-73.4136,0,"II",0,"Midwest"
"Wheeling Hospital","West Virginia",40.0639,-80.7220,247,"II",0,"Midwest"
"Aspirus Wausau Hospital","Wisconsin",44.9500,-89.6333,0,"II",0,"Midwest"
"Aurora BayCare Medical Center","Wisconsin",44.5133,-88.0133,0,"II",0,"Midwest"
"Aurora Medical Center Summit","Wisconsin",43.0544,-88.4639,0,"II",0,"Midwest"
"Children's Hospital of Wisconsin","Wisconsin",43.0500,-87.9500,298,0,1,"Midwest"
"Froedtert Hospital","Wisconsin",43.0500,-87.9500,735,"I",1,"Midwest"
"Gundersen Lutheran Medical Center","Wisconsin",43.8088,-91.2519,325,"II",0,"Midwest"
"Marshfield Medical Center","Wisconsin",44.6670,-90.1830,0,"II",0,"Midwest"
"Mayo Clinic Health System - Eau Claire","Wisconsin",44.8126,-91.4994,0,"II",0,"Midwest"
"Mercyhealth Hospital and Trauma Center - Janesville","Wisconsin",42.6839,-89.0164,0,"II",0,"Midwest"
"St. Vincent Hospital","Wisconsin",44.5133,-88.0133,0,"II",0,"Midwest"
"ThedaCare Regional Medical Center–Neenah","Wisconsin",44.1742,-88.4686,0,"II",0,"Midwest"
"UW Health University Hospital","Wisconsin",43.0670,-89.4000,505,"I",0,"Midwest"
"Cheyenne Regional Medical Center","Wyoming",41.1402,-104.8188,222,"III",0,"Mountain"
